# cycle: 1	cycle: 1
explored: no	explored: no
cycle: 26	cycle: 26
explored: no	explored: no
cycle: 51	cycle: 51
explored: no	explored: no
cycle: 76	cycle: 76
explored: no	explored: no
cycle: 101	cycle: 101
explored: no	explored: no
cycle: 126	cycle: 126
explored: no	explored: no
cycle: 151	cycle: 151
explored: no	explored: no
cycle: 176	cycle: 176
explored: no	explored: no
cycle: 201	cycle: 201
explored: no	explored: no
cycle: 226	cycle: 226
explored: no	explored: no
cycle: 251	cycle: 251
explored: no	explored: no
cycle: 276	cycle: 276
explored: no	explored: no
cycle: 301	cycle: 301
explored: no	explored: no
cycle: 326	cycle: 326
explored: no	explored: no
cycle: 351	cycle: 351
explored: no	explored: no
cycle: 376	cycle: 376
explored: no	explored: no
cycle: 401	cycle: 401
explored: no	explored: no
cycle: 426	cycle: 426
explored: no	explored: no
cycle: 451	cycle: 451
explored: no	explored: no
cycle: 476	cycle: 476
explored: no	explored: no
cycle: 501	cycle: 501
explored: no	explored: no
cycle: 526	cycle: 526
explored: no	explored: no
cycle: 551	cycle: 551
explored: no	explored: no
cycle: 576	cycle: 576
explored: no	explored: no
cycle: 601	cycle: 601
explored: no	explored: no
cycle: 626	cycle: 626
explored: no	explored: no
cycle: 651	cycle: 651
explored: no	explored: no
cycle: 676	cycle: 676
explored: no	explored: no
cycle: 701	cycle: 701
explored: no	explored: no
cycle: 726	cycle: 726
explored: no	explored: no
cycle: 751	cycle: 751
explored: no	explored: no
cycle: 776	cycle: 776
explored: no	explored: no
cycle: 801	cycle: 801
explored: no	explored: no
cycle: 826	cycle: 826
explored: no	explored: no
cycle: 851	cycle: 851
explored: no	explored: no
cycle: 876	cycle: 876
explored: no	explored: no
cycle: 901	cycle: 901
explored: no	explored: no
cycle: 926	cycle: 926
explored: no	explored: no
cycle: 951	cycle: 951
explored: no	explored: no
cycle: 976	cycle: 976
explored: no	explored: no
cycle: 1001	cycle: 1001
explored: no	explored: no
cycle: 1026	cycle: 1026
explored: no	explored: no
cycle: 1051	cycle: 1051
explored: no	explored: no
cycle: 1076	cycle: 1076
explored: no	explored: no
cycle: 1101	cycle: 1101
explored: no	explored: no
cycle: 1126	cycle: 1126
explored: no	explored: no
cycle: 1151	cycle: 1151
explored: no	explored: no
cycle: 1176	cycle: 1176
explored: no	explored: no
cycle: 1201	cycle: 1201
explored: no	explored: no
cycle: 1226	cycle: 1226
explored: no	explored: no
cycle: 1251	cycle: 1251
explored: no	explored: no
cycle: 1276	cycle: 1276
explored: no	explored: no
cycle: 1301	cycle: 1301
explored: no	explored: no
cycle: 1326	cycle: 1326
explored: no	explored: no
cycle: 1351	cycle: 1351
explored: no	explored: no
cycle: 1376	cycle: 1376
explored: no	explored: no
cycle: 1401	cycle: 1401
explored: no	explored: no
cycle: 1426	cycle: 1426
explored: no	explored: no
cycle: 1451	cycle: 1451
explored: no	explored: no
cycle: 1476	cycle: 1476
explored: no	explored: no
cycle: 1501	cycle: 1501
explored: no	explored: no
cycle: 1526	cycle: 1526
explored: no	explored: no
cycle: 1551	cycle: 1551
explored: no	explored: no
cycle: 1576	cycle: 1576
explored: no	explored: no
cycle: 1601	cycle: 1601
explored: no	explored: no
cycle: 1626	cycle: 1626
explored: no	explored: no
cycle: 1651	cycle: 1651
explored: no	explored: no
cycle: 1676	cycle: 1676
explored: no	explored: no
cycle: 1701	cycle: 1701
explored: no	explored: no
cycle: 1726	cycle: 1726
explored: no	explored: no
cycle: 1751	cycle: 1751
explored: no	explored: no
cycle: 1776	cycle: 1776
explored: no	explored: no
cycle: 1801	cycle: 1801
explored: no	explored: no
cycle: 1826	cycle: 1826
explored: no	explored: no
cycle: 1851	cycle: 1851
explored: no	explored: no
cycle: 1876	cycle: 1876
explored: no	explored: no
cycle: 1901	cycle: 1901
explored: no	explored: no
cycle: 1926	cycle: 1926
explored: no	explored: no
cycle: 1951	cycle: 1951
explored: no	explored: no
cycle: 1976	cycle: 1976
explored: no	explored: no
cycle: 2001	cycle: 2001
explored: no	explored: no
cycle: 2026	cycle: 2026
explored: no	explored: no
cycle: 2051	cycle: 2051
explored: no	explored: no
cycle: 2076	cycle: 2076
explored: no	explored: no
cycle: 2101	cycle: 2101
explored: no	explored: no
cycle: 2126	cycle: 2126
explored: no	explored: no
cycle: 2151	cycle: 2151
explored: no	explored: no
cycle: 2176	cycle: 2176
explored: no	explored: no
cycle: 2201	cycle: 2201
explored: no	explored: no
cycle: 2226	cycle: 2226
explored: no	explored: no
cycle: 2251	cycle: 2251
explored: no	explored: no
cycle: 2276	cycle: 2276
explored: no	explored: no
cycle: 2301	cycle: 2301
explored: no	explored: no
cycle: 2326	cycle: 2326
explored: no	explored: no
cycle: 2351	cycle: 2351
explored: no	explored: no
cycle: 2376	cycle: 2376
explored: no	explored: no
cycle: 2401	cycle: 2401
explored: no	explored: no
cycle: 2426	cycle: 2426
explored: no	explored: no
cycle: 2451	cycle: 2451
explored: no	explored: no
cycle: 2476	cycle: 2476
explored: no	explored: no
cycle: 2501	cycle: 2501
explored: no	explored: no
cycle: 2526	cycle: 2526
explored: no	explored: no
cycle: 2551	cycle: 2551
explored: no	explored: no
cycle: 2576	cycle: 2576
explored: no	explored: no
cycle: 2601	cycle: 2601
explored: no	explored: no
cycle: 2626	cycle: 2626
explored: no	explored: no
cycle: 2651	cycle: 2651
explored: no	explored: no
cycle: 2676	cycle: 2676
explored: no	explored: no
cycle: 2701	cycle: 2701
explored: no	explored: no
cycle: 2726	cycle: 2726
explored: no	explored: no
cycle: 2751	cycle: 2751
explored: no	explored: no
cycle: 2776	cycle: 2776
explored: no	explored: no
cycle: 2801	cycle: 2801
explored: no	explored: no
cycle: 2826	cycle: 2826
explored: no	explored: no
cycle: 2851	cycle: 2851
explored: no	explored: no
cycle: 2876	cycle: 2876
explored: no	explored: no
cycle: 2901	cycle: 2901
explored: no	explored: no
cycle: 2926	cycle: 2926
explored: no	explored: no
cycle: 2951	cycle: 2951
explored: no	explored: no
cycle: 2976	cycle: 2976
explored: no	explored: no
cycle: 3001	cycle: 3001
explored: no	explored: no
cycle: 3026	cycle: 3026
explored: no	explored: no
cycle: 3051	cycle: 3051
explored: no	explored: no
cycle: 3076	cycle: 3076
explored: no	explored: no
cycle: 3101	cycle: 3101
explored: no	explored: no
cycle: 3126	cycle: 3126
explored: no	explored: no
cycle: 3151	cycle: 3151
explored: no	explored: no
cycle: 3176	cycle: 3176
explored: no	explored: no
cycle: 3201	cycle: 3201
explored: no	explored: no
cycle: 3226	cycle: 3226
explored: no	explored: no
cycle: 3251	cycle: 3251
explored: no	explored: no
cycle: 3276	cycle: 3276
explored: no	explored: no
cycle: 3301	cycle: 3301
explored: no	explored: no
cycle: 3326	cycle: 3326
explored: no	explored: no
cycle: 3351	cycle: 3351
explored: no	explored: no
cycle: 3376	cycle: 3376
explored: no	explored: no
cycle: 3401	cycle: 3401
explored: no	explored: no
cycle: 3426	cycle: 3426
explored: no	explored: no
cycle: 3451	cycle: 3451
explored: no	explored: no
cycle: 3476	cycle: 3476
explored: no	explored: no
cycle: 3501	cycle: 3501
explored: no	explored: no
cycle: 3526	cycle: 3526
explored: no	explored: no
cycle: 3551	cycle: 3551
explored: no	explored: no
cycle: 3576	cycle: 3576
explored: no	explored: no
cycle: 3601	cycle: 3601
explored: no	explored: no
cycle: 3626	cycle: 3626
explored: no	explored: no
cycle: 3651	cycle: 3651
explored: no	explored: no
cycle: 3676	cycle: 3676
explored: no	explored: no
cycle: 3701	cycle: 3701
explored: no	explored: no
cycle: 3726	cycle: 3726
explored: no	explored: no
cycle: 3751	cycle: 3751
explored: no	explored: no
cycle: 3776	cycle: 3776
explored: no	explored: no
cycle: 3801	cycle: 3801
explored: no	explored: no
cycle: 3826	cycle: 3826
explored: no	explored: no
cycle: 3851	cycle: 3851
explored: no	explored: no
cycle: 3876	cycle: 3876
explored: no	explored: no
cycle: 3901	cycle: 3901
explored: no	explored: no
cycle: 3926	cycle: 3926
explored: no	explored: no
cycle: 3951	cycle: 3951
explored: no	explored: no
cycle: 3976	cycle: 3976
explored: no	explored: no
cycle: 4001	cycle: 4001
